{"cron_job_id": 1, "cron_expression": "*/15 * * * *", "edge_function_name": "auto-speed-test-cron", "cron_job_name": "auto-speed-test-cron_invoke", "raw_sql": "\n            CREATE OR REPLACE PROCEDURE auto_speed_test_cron_9ea12636()\n            LANGUAGE plpgsql\n            AS $$\n            BEGIN\n            PERFORM net.http_post(\n            url:='https://xrzgvabqukbdvbpbkfqh.supabase.co/functions/v1/auto-speed-test-cron',\n            headers:=jsonb_build_object('Content-Type', 'application/json'),\n            body:='{\"edge_function_name\":\"auto-speed-test-cron\"}',\n            timeout_milliseconds:=10000\n            );\n            COMMIT;\n            END;\n            $$;\n\n            SELECT cron.schedule('auto-speed-test-cron_invoke', '*/15 * * * *', 'CALL auto_speed_test_cron_9ea12636()');\n            "}