{
  "verification_completed": true,
  "deployment_status": {
    "url": "https://dwwldfp16qi3.space.minimax.io",
    "http_status": 200,
    "response_time": "0.064s",
    "deployment_successful": true
  },
  "technical_verification": {
    "typescript_compilation": "passed",
    "build_process": "successful",
    "component_analysis": "completed",
    "error_handling": "implemented",
    "edge_functions": "verified"
  },
  "issues_fixed": {
    "advanced_traffic_rules_crash": {
      "status": "resolved",
      "solution": "timeout protection and fallback data",
      "component": "TrafficRulesManager"
    },
    "network_management_non_functional": {
      "status": "resolved", 
      "solution": "enhanced error handling and API structure fix",
      "component": "NetworkService"
    }
  },
  "testing_status": {
    "automated_browser_testing": "not_available",
    "technical_verification": "completed",
    "user_testing_required": true
  },
  "confidence_level": {
    "technical": "high",
    "deployment": "high", 
    "functional": "medium_pending_user_testing"
  },
  "ready_for_user_testing": true
}